scope_id,quarter_id,plant,work_center,total_available_capacity_hours,total_planned_load_hours,total_incremental_load_hours,total_overload_hours,bottleneck_weeks_count
mvp_3plant,2026-Q1,NW01,P01_NW01_ASSY_1,1583.4,369284.895,0.0,367701.495,39
mvp_3plant,2026-Q1,NW01,P01_NW01_EXTRUSION_1,1583.4,319532.4672,61.247553629032254,318010.31475362903,39
mvp_3plant,2026-Q1,NW01,P01_NW01_GRINDING_1,1583.4,606735.7206,0.0,605152.3206,39
mvp_3plant,2026-Q1,NW01,P01_NW01_PRESS_1,1677.0,558389.3652,139.0462298387097,556851.4114298387,39
mvp_3plant,2026-Q1,NW01,P01_NW01_PRESS_2,1677.0,494539.8702,0.0,492862.8702,39
mvp_3plant,2026-Q1,NW01,P01_NW01_PRESS_3,1677.0,351076.3014,0.0,349399.3014,39
mvp_3plant,2026-Q1,NW01,P01_NW01_PRESS_4,1677.0,442079.7624,0.0,440402.7624,39
mvp_3plant,2026-Q1,NW01,P01_NW01_PRESS_5,3354.0,377502.7578,0.0,374148.7578,39
mvp_3plant,2026-Q1,NW01,P01_NW01_PRESS_6,3354.0,428867.7828,66.27873991935483,425580.06153991935,39
mvp_3plant,2026-Q1,NW02,P01_NW02_ASSY_1,1020.24,330011.5794,0.0,328991.3394,39
mvp_3plant,2026-Q1,NW02,P01_NW02_EXTRUSION_1,1020.24,248960.43779999999,0.0,247940.1978,39
mvp_3plant,2026-Q1,NW02,P01_NW02_GRINDING_1,1020.24,180712.5726,245.33135685483867,179937.66395685484,39
mvp_3plant,2026-Q1,NW02,P01_NW02_LATHE_1,1020.24,261907.311,60.5922311827957,260947.6632311828,39
mvp_3plant,2026-Q1,NW02,P01_NW02_PRESS_1,1084.2,225178.91820000001,0.0,224094.7182,39
mvp_3plant,2026-Q1,NW02,P01_NW02_PRESS_2,1084.2,351569.1588,0.0,350484.9588,39
mvp_3plant,2026-Q1,NW02,P01_NW02_PRESS_3,1084.2,160003.872,282.1878548387097,159201.8598548387,39
mvp_3plant,2026-Q1,NW02,P01_NW02_PRESS_4,1084.2,199371.7998,0.0,198287.5998,39
mvp_3plant,2026-Q1,NW02,P01_NW02_PRESS_5,3447.6000000000004,352092.7296,0.0,348645.1296,39
mvp_3plant,2026-Q1,NW02,P01_NW02_PRESS_6,3447.6000000000004,524001.4902,540.2902024193548,521094.18040241936,39
mvp_3plant,2026-Q1,NW05,P01_NW05_ASSY_1,1064.7,283487.50560000003,0.0,282422.8056,39
mvp_3plant,2026-Q1,NW05,P01_NW05_EXTRUSION_1,1064.7,204177.537,424.29837946236563,203537.13537946236,39
mvp_3plant,2026-Q1,NW05,P01_NW05_GRINDING_1,1064.7,212210.0598,214.03123204301073,211359.391032043,39
mvp_3plant,2026-Q1,NW05,P01_NW05_OVEN_1,1064.7,163066.0974,0.0,162001.3974,39
mvp_3plant,2026-Q1,NW05,P01_NW05_PRESS_1,1131.0,343650.7836,0.0,342519.7836,39
mvp_3plant,2026-Q1,NW05,P01_NW05_PRESS_2,1131.0,288483.3654,0.0,287352.3654,39
mvp_3plant,2026-Q1,NW05,P01_NW05_PRESS_3,1131.0,277445.79360000003,366.2501646236559,276681.04376462364,39
mvp_3plant,2026-Q1,NW05,P01_NW05_PRESS_4,1131.0,184701.5802,0.0,183570.5802,39
mvp_3plant,2026-Q1,NW05,P01_NW05_PRESS_5,3588.0,367424.3994,0.0,363836.3994,39
mvp_3plant,2026-Q1,NW05,P01_NW05_PRESS_6,3588.0,276386.0928,597.0122688172044,273395.1050688172,39
mvp_3plant,2026-Q2,NW01,P01_NW01_ASSY_1,1583.4,389805.975,0.0,388222.575,39
mvp_3plant,2026-Q2,NW01,P01_NW01_EXTRUSION_1,1583.4,328848.1902,173.18826220430108,327437.9784622043,39
mvp_3plant,2026-Q2,NW01,P01_NW01_GRINDING_1,1583.4,611835.546,0.0,610252.146,39
mvp_3plant,2026-Q2,NW01,P01_NW01_PRESS_1,1677.0,600020.2674,707.9126984946237,599051.1800984946,39
mvp_3plant,2026-Q2,NW01,P01_NW01_PRESS_2,1677.0,484097.5068,43.080146666666664,482463.58694666665,39
mvp_3plant,2026-Q2,NW01,P01_NW01_PRESS_3,1677.0,369568.6644,0.0,367891.6644,39
mvp_3plant,2026-Q2,NW01,P01_NW01_PRESS_4,1677.0,456989.283,450.2946466666666,455762.5776466667,39
mvp_3plant,2026-Q2,NW01,P01_NW01_PRESS_5,3354.0,355083.98099999997,191.72611333333336,351921.70711333334,39
mvp_3plant,2026-Q2,NW01,P01_NW01_PRESS_6,3354.0,399056.1492,414.42419758064517,396116.57339758065,39
mvp_3plant,2026-Q2,NW02,P01_NW02_ASSY_1,1020.24,337006.9158,0.0,335986.6758,39
mvp_3plant,2026-Q2,NW02,P01_NW02_EXTRUSION_1,1020.24,249083.14979999998,0.0,248062.9098,39
mvp_3plant,2026-Q2,NW02,P01_NW02_GRINDING_1,1020.24,178547.3082,559.9703556451611,178087.03855564515,39
mvp_3plant,2026-Q2,NW02,P01_NW02_LATHE_1,1020.24,287428.5024,80.78443548387098,286489.04683548387,39
mvp_3plant,2026-Q2,NW02,P01_NW02_PRESS_1,1084.2,216033.8064,0.0,214949.6064,39
mvp_3plant,2026-Q2,NW02,P01_NW02_PRESS_2,1084.2,333479.0082,0.0,332394.8082,39
mvp_3plant,2026-Q2,NW02,P01_NW02_PRESS_3,1084.2,157997.8962,275.32690516129037,157189.0231051613,39
mvp_3plant,2026-Q2,NW02,P01_NW02_PRESS_4,1084.2,202885.827,0.0,201801.62699999998,39
mvp_3plant,2026-Q2,NW02,P01_NW02_PRESS_5,3447.6000000000004,355961.9172,0.0,352514.3172,39
mvp_3plant,2026-Q2,NW02,P01_NW02_PRESS_6,3447.6000000000004,535593.7548,1272.191818136201,533418.3466181363,39
mvp_3plant,2026-Q2,NW05,P01_NW05_ASSY_1,1064.7,290847.4548,0.0,289782.7548,39
mvp_3plant,2026-Q2,NW05,P01_NW05_EXTRUSION_1,1064.7,210618.489,1121.7578548154122,210675.54685481542,39
mvp_3plant,2026-Q2,NW05,P01_NW05_GRINDING_1,1064.7,201993.0414,286.7551004014337,201215.0965004014,39
mvp_3plant,2026-Q2,NW05,P01_NW05_OVEN_1,1064.7,153611.8824,0.0,152547.1824,39
mvp_3plant,2026-Q2,NW05,P01_NW05_PRESS_1,1131.0,356465.4906,0.0,355334.4906,39
mvp_3plant,2026-Q2,NW05,P01_NW05_PRESS_2,1131.0,297305.529,0.0,296174.529,39
mvp_3plant,2026-Q2,NW05,P01_NW05_PRESS_3,1131.0,271009.9242,1562.5622362652332,271441.48643626523,39
mvp_3plant,2026-Q2,NW05,P01_NW05_PRESS_4,1131.0,174353.424,0.0,173222.424,39
mvp_3plant,2026-Q2,NW05,P01_NW05_PRESS_5,3588.0,363166.6014,65.35614583333333,359643.9575458333,39
mvp_3plant,2026-Q2,NW05,P01_NW05_PRESS_6,3588.0,267839.442,510.27071451612903,264761.71271451615,39
mvp_3plant,2026-Q3,NW01,P01_NW01_ASSY_1,1583.4,404879.1012,0.0,403295.7012,39
mvp_3plant,2026-Q3,NW01,P01_NW01_EXTRUSION_1,1583.4,327601.12200000003,125.07410791666665,326142.7961079167,39
mvp_3plant,2026-Q3,NW01,P01_NW01_GRINDING_1,1583.4,606465.9204000001,0.0,604882.5204,39
mvp_3plant,2026-Q3,NW01,P01_NW01_PRESS_1,1677.0,569490.1848,670.8116316666667,568483.9964316667,39
mvp_3plant,2026-Q3,NW01,P01_NW01_PRESS_2,1677.0,492429.0858,296.80568333333326,491048.8914833333,39
mvp_3plant,2026-Q3,NW01,P01_NW01_PRESS_3,1677.0,347347.9422,0.0,345670.9422,39
mvp_3plant,2026-Q3,NW01,P01_NW01_PRESS_4,1677.0,437713.5858,654.7757533333332,436691.36155333335,39
mvp_3plant,2026-Q3,NW01,P01_NW01_PRESS_5,3354.0,357292.0764,428.46422666666666,354366.5406266667,39
mvp_3plant,2026-Q3,NW01,P01_NW01_PRESS_6,3354.0,407347.4358,328.95534375,404322.39114375,39
mvp_3plant,2026-Q3,NW02,P01_NW02_ASSY_1,1020.24,324418.1508,214.53191666666663,323612.4427166667,39
mvp_3plant,2026-Q3,NW02,P01_NW02_EXTRUSION_1,1020.24,256095.141,138.67158133333334,255213.57258133334,39
mvp_3plant,2026-Q3,NW02,P01_NW02_GRINDING_1,1020.24,184774.4928,390.04442499999993,184144.29722500002,39
mvp_3plant,2026-Q3,NW02,P01_NW02_LATHE_1,1020.24,266490.0498,30.88706666666667,265500.69686666667,39
mvp_3plant,2026-Q3,NW02,P01_NW02_PRESS_1,1084.2,214711.6356,0.0,213627.4356,39
mvp_3plant,2026-Q3,NW02,P01_NW02_PRESS_2,1084.2,335555.6838,0.0,334471.4838,39
mvp_3plant,2026-Q3,NW02,P01_NW02_PRESS_3,1084.2,159263.2902,151.02459000000002,158330.11479,39
mvp_3plant,2026-Q3,NW02,P01_NW02_PRESS_4,1084.2,202274.9136,0.0,201190.7136,39
mvp_3plant,2026-Q3,NW02,P01_NW02_PRESS_5,3447.6000000000004,354962.4336,401.32102499999996,351916.154625,39
mvp_3plant,2026-Q3,NW02,P01_NW02_PRESS_6,3447.6000000000004,549600.114,800.4725636111111,546952.9865636111,39
mvp_3plant,2026-Q3,NW05,P01_NW05_ASSY_1,1064.7,278049.8778,0.0,276985.1778,39
mvp_3plant,2026-Q3,NW05,P01_NW05_EXTRUSION_1,1064.7,207505.9824,989.8888700555556,207431.17127005555,39
mvp_3plant,2026-Q3,NW05,P01_NW05_GRINDING_1,1064.7,209880.597,123.66127155555554,208939.55827155555,39
mvp_3plant,2026-Q3,NW05,P01_NW05_OVEN_1,1064.7,168705.8172,0.0,167641.11719999998,39
mvp_3plant,2026-Q3,NW05,P01_NW05_PRESS_1,1131.0,368247.8184,0.0,367116.8184,39
mvp_3plant,2026-Q3,NW05,P01_NW05_PRESS_2,1131.0,305375.94299999997,0.0,304244.94299999997,39
mvp_3plant,2026-Q3,NW05,P01_NW05_PRESS_3,1131.0,290988.0984,1243.7954581111112,291100.8938581111,39
mvp_3plant,2026-Q3,NW05,P01_NW05_PRESS_4,1131.0,178315.0734,0.0,177184.0734,39
mvp_3plant,2026-Q3,NW05,P01_NW05_PRESS_5,3588.0,370269.405,137.102875,366818.507875,39
mvp_3plant,2026-Q3,NW05,P01_NW05_PRESS_6,3588.0,257038.1082,397.7016066666667,253847.80980666666,39
mvp_3plant,2026-Q4,NW01,P01_NW01_ASSY_1,1583.4,388536.1698,1040.6772389247312,387993.4470389247,39
mvp_3plant,2026-Q4,NW01,P01_NW01_EXTRUSION_1,1583.4,321873.402,23.770988749999997,320313.77298875,39
mvp_3plant,2026-Q4,NW01,P01_NW01_GRINDING_1,1583.4,610533.0894,377.7211166666667,609327.4105166667,39
mvp_3plant,2026-Q4,NW01,P01_NW01_PRESS_1,1677.0,566019.2934,241.47975209677418,564583.7731520968,39
mvp_3plant,2026-Q4,NW01,P01_NW01_PRESS_2,1677.0,486196.4808,214.93475709677418,484734.41555709677,39
mvp_3plant,2026-Q4,NW01,P01_NW01_PRESS_3,1677.0,338368.497,0.0,336691.497,39
mvp_3plant,2026-Q4,NW01,P01_NW01_PRESS_4,1677.0,444068.586,317.65402580645156,442709.2400258065,39
mvp_3plant,2026-Q4,NW01,P01_NW01_PRESS_5,3354.0,365127.4164,1312.3966480376343,363085.81304803764,39
mvp_3plant,2026-Q4,NW01,P01_NW01_PRESS_6,3354.0,415059.0282,136.74207157258064,411841.7702715726,39
mvp_3plant,2026-Q4,NW02,P01_NW02_ASSY_1,1020.24,321288.2166,531.7071559139785,320799.683755914,39
mvp_3plant,2026-Q4,NW02,P01_NW02_EXTRUSION_1,1020.24,243845.4426,979.643966704301,243804.8465667043,39
mvp_3plant,2026-Q4,NW02,P01_NW02_GRINDING_1,1020.24,181601.4138,46.558049999999994,180627.73185,39
mvp_3plant,2026-Q4,NW02,P01_NW02_LATHE_1,1020.24,271998.8556,0.4454333333333333,270979.06103333336,39
mvp_3plant,2026-Q4,NW02,P01_NW02_PRESS_1,1084.2,219019.9296,0.0,217935.7296,39
mvp_3plant,2026-Q4,NW02,P01_NW02_PRESS_2,1084.2,334772.3406,162.7855122311828,333850.92611223116,39
mvp_3plant,2026-Q4,NW02,P01_NW02_PRESS_3,1084.2,149930.7588,2.67335,148849.23215,39
mvp_3plant,2026-Q4,NW02,P01_NW02_PRESS_4,1084.2,194186.55,0.0,193102.34999999998,39
mvp_3plant,2026-Q4,NW02,P01_NW02_PRESS_5,3447.6000000000004,338435.4738,1009.8676403225805,335997.7414403226,39
mvp_3plant,2026-Q4,NW02,P01_NW02_PRESS_6,3447.6000000000004,545408.4858,116.41794083333335,542077.3037408333,39
mvp_3plant,2026-Q4,NW05,P01_NW05_ASSY_1,1064.7,283258.182,72.66955698924731,282266.15155698924,39
mvp_3plant,2026-Q4,NW05,P01_NW05_EXTRUSION_1,1064.7,206647.0626,519.9752516612904,206102.3378516613,39
mvp_3plant,2026-Q4,NW05,P01_NW05_GRINDING_1,1064.7,214695.798,2.0535093333333334,213633.15150933331,39
mvp_3plant,2026-Q4,NW05,P01_NW05_OVEN_1,1064.7,158810.958,235.12949462365592,157981.38749462366,39
mvp_3plant,2026-Q4,NW05,P01_NW05_PRESS_1,1131.0,349458.3864,0.0,348327.3864,39
mvp_3plant,2026-Q4,NW05,P01_NW05_PRESS_2,1131.0,289490.1954,0.0,288359.1954,39
mvp_3plant,2026-Q4,NW05,P01_NW05_PRESS_3,1131.0,280784.6274,343.80125433333336,279997.42865433334,39
mvp_3plant,2026-Q4,NW05,P01_NW05_PRESS_4,1131.0,183314.9226,0.0,182183.9226,39
mvp_3plant,2026-Q4,NW05,P01_NW05_PRESS_5,3588.0,382770.4368,82.52478629032258,379264.96158629033,39
mvp_3plant,2026-Q4,NW05,P01_NW05_PRESS_6,3588.0,266005.5822,636.0843890322581,263053.6665890322,39
mvp_3plant,2027-Q1,NW01,P01_NW01_ASSY_1,1583.4,382837.9818,2404.4491983189964,383659.030998319,39
mvp_3plant,2027-Q1,NW01,P01_NW01_EXTRUSION_1,1583.4,332339.4462,0.0,330756.0462,39
mvp_3plant,2027-Q1,NW01,P01_NW01_GRINDING_1,1583.4,613848.9990000001,641.1582821505376,612906.7572821506,39
mvp_3plant,2027-Q1,NW01,P01_NW01_PRESS_1,1677.0,601739.4444,14.034232258064513,600076.478632258,39
mvp_3plant,2027-Q1,NW01,P01_NW01_PRESS_2,1677.0,487468.9518,56.48223548387096,485848.43403548386,39
mvp_3plant,2027-Q1,NW01,P01_NW01_PRESS_3,1677.0,344431.089,400.12315138888886,343154.21215138887,39
mvp_3plant,2027-Q1,NW01,P01_NW01_PRESS_4,1677.0,424636.2084,244.40890978494622,423203.6173097849,39
mvp_3plant,2027-Q1,NW01,P01_NW01_PRESS_5,3354.0,357255.98579999997,1276.2388474014338,355178.2246474014,39
mvp_3plant,2027-Q1,NW01,P01_NW01_PRESS_6,3354.0,419773.5498,306.28515698924735,416725.8349569892,39
mvp_3plant,2027-Q1,NW02,P01_NW02_ASSY_1,1020.24,319141.7658,319.1550062724014,318440.68080627243,39
mvp_3plant,2027-Q1,NW02,P01_NW02_EXTRUSION_1,1020.24,248676.186,999.3840597455196,248655.33005974552,39
mvp_3plant,2027-Q1,NW02,P01_NW02_GRINDING_1,1020.24,176450.886,328.1867560573476,175758.83275605735,39
mvp_3plant,2027-Q1,NW02,P01_NW02_LATHE_1,1020.24,280640.5044,0.0,279620.2644,39
mvp_3plant,2027-Q1,NW02,P01_NW02_PRESS_1,1084.2,225026.0706,0.0,223941.8706,39
mvp_3plant,2027-Q1,NW02,P01_NW02_PRESS_2,1084.2,346577.96880000003,451.77811742831545,345945.5469174283,39
mvp_3plant,2027-Q1,NW02,P01_NW02_PRESS_3,1084.2,159900.7902,827.9171596559139,159644.5073596559,39
mvp_3plant,2027-Q1,NW02,P01_NW02_PRESS_4,1084.2,192938.8116,0.0,191854.6116,39
mvp_3plant,2027-Q1,NW02,P01_NW02_PRESS_5,3447.6000000000004,350343.1776,492.5597338709677,347388.137333871,39
mvp_3plant,2027-Q1,NW02,P01_NW02_PRESS_6,3447.6000000000004,525237.7152,2236.8366313978495,524026.9518313979,39
mvp_3plant,2027-Q1,NW05,P01_NW05_ASSY_1,1064.7,282440.502,208.40803189964157,281584.2100318996,39
mvp_3plant,2027-Q1,NW05,P01_NW05_EXTRUSION_1,1064.7,212162.3778,324.69015277419356,211422.3679527742,39
mvp_3plant,2027-Q1,NW05,P01_NW05_GRINDING_1,1064.7,212191.9632,0.0,211127.2632,39
mvp_3plant,2027-Q1,NW05,P01_NW05_OVEN_1,1064.7,165279.8148,452.3475353853047,164667.4623353853,39
mvp_3plant,2027-Q1,NW05,P01_NW05_PRESS_1,1131.0,353899.7442,0.0,352768.7442,39
mvp_3plant,2027-Q1,NW05,P01_NW05_PRESS_2,1131.0,291254.1384,0.0,290123.1384,39
mvp_3plant,2027-Q1,NW05,P01_NW05_PRESS_3,1131.0,288307.368,0.0,287176.368,39
mvp_3plant,2027-Q1,NW05,P01_NW05_PRESS_4,1131.0,183731.4726,0.0,182600.4726,39
mvp_3plant,2027-Q1,NW05,P01_NW05_PRESS_5,3588.0,378074.14139999996,6.695349462365591,374492.83674946235,39
mvp_3plant,2027-Q1,NW05,P01_NW05_PRESS_6,3588.0,269242.1922,363.1705496774194,266017.36274967744,39
mvp_3plant,2027-Q2,NW01,P01_NW01_ASSY_1,1583.4,360053.9604,1460.7225989928315,359931.2829989928,39
mvp_3plant,2027-Q2,NW01,P01_NW01_EXTRUSION_1,1583.4,328900.7304,0.0,327317.3304,39
mvp_3plant,2027-Q2,NW01,P01_NW01_GRINDING_1,1583.4,607134.9114,226.326045,605777.8374450001,39
mvp_3plant,2027-Q2,NW01,P01_NW01_PRESS_1,1677.0,579517.8528,0.0,577840.8528,39
mvp_3plant,2027-Q2,NW01,P01_NW01_PRESS_2,1677.0,496280.2524,0.0,494603.2524,39
mvp_3plant,2027-Q2,NW01,P01_NW01_PRESS_3,1677.0,354746.2662,920.9143496863799,353990.18054968637,39
mvp_3plant,2027-Q2,NW01,P01_NW01_PRESS_4,1677.0,451034.2692,188.27324182795698,449545.542441828,39
mvp_3plant,2027-Q2,NW01,P01_NW01_PRESS_5,3354.0,364501.58999999997,478.87301120071686,361626.4630112007,39
mvp_3plant,2027-Q2,NW01,P01_NW01_PRESS_6,3354.0,410275.1532,646.0560107526882,407567.2092107527,39
mvp_3plant,2027-Q2,NW02,P01_NW02_ASSY_1,1020.24,320595.4626,25.023555555555554,319600.2461555556,39
mvp_3plant,2027-Q2,NW02,P01_NW02_EXTRUSION_1,1020.24,250657.25999999998,341.5322920555555,249978.55229205557,39
mvp_3plant,2027-Q2,NW02,P01_NW02_GRINDING_1,1020.24,175236.3402,295.9578154480286,174512.05801544804,39
mvp_3plant,2027-Q2,NW02,P01_NW02_LATHE_1,1020.24,277961.5788,0.0,276941.3388,39
mvp_3plant,2027-Q2,NW02,P01_NW02_PRESS_1,1084.2,212092.4214,0.0,211008.2214,39
mvp_3plant,2027-Q2,NW02,P01_NW02_PRESS_2,1084.2,344552.2062,527.066014157706,343995.0722141577,39
mvp_3plant,2027-Q2,NW02,P01_NW02_PRESS_3,1084.2,159251.6028,1436.1120302096774,159603.51483020966,39
mvp_3plant,2027-Q2,NW02,P01_NW02_PRESS_4,1084.2,207586.9314,0.0,206502.7314,39
mvp_3plant,2027-Q2,NW02,P01_NW02_PRESS_5,3447.6000000000004,355681.26420000003,50.474125,352284.138325,39
mvp_3plant,2027-Q2,NW02,P01_NW02_PRESS_6,3447.6000000000004,530985.5784,2837.7146750537636,530375.6930750537,39
mvp_3plant,2027-Q2,NW05,P01_NW05_ASSY_1,1064.7,279756.7926,93.41644310035842,278785.50904310035,39
mvp_3plant,2027-Q2,NW05,P01_NW05_EXTRUSION_1,1064.7,196516.68839999998,1236.897999215054,196688.88639921503,39
mvp_3plant,2027-Q2,NW05,P01_NW05_GRINDING_1,1064.7,213784.1412,0.0,212719.4412,39
mvp_3plant,2027-Q2,NW05,P01_NW05_OVEN_1,1064.7,156554.1678,767.8091245071685,156257.27692450717,39
mvp_3plant,2027-Q2,NW05,P01_NW05_PRESS_1,1131.0,345467.6472,0.0,344336.6472,39
mvp_3plant,2027-Q2,NW05,P01_NW05_PRESS_2,1131.0,303597.7008,0.0,302466.7008,39
mvp_3plant,2027-Q2,NW05,P01_NW05_PRESS_3,1131.0,270646.1718,0.0,269515.1718,39
mvp_3plant,2027-Q2,NW05,P01_NW05_PRESS_4,1131.0,184791.108,0.0,183660.108,39
mvp_3plant,2027-Q2,NW05,P01_NW05_PRESS_5,3588.0,388808.1804,0.0,385220.1804,39
mvp_3plant,2027-Q2,NW05,P01_NW05_PRESS_6,3588.0,268162.134,34.27996,264608.41396,39
mvp_3plant,2027-Q3,NW01,P01_NW01_ASSY_1,1583.4,396591.8778,265.46026688172043,395273.93806688173,39
mvp_3plant,2027-Q3,NW01,P01_NW01_EXTRUSION_1,1583.4,331814.4366,0.0,330231.0366,39
mvp_3plant,2027-Q3,NW01,P01_NW01_GRINDING_1,1583.4,605132.1894,65.18469193548387,603613.9740919356,39
mvp_3plant,2027-Q3,NW01,P01_NW01_PRESS_1,1677.0,585578.2986,0.0,583901.2986,39
mvp_3plant,2027-Q3,NW01,P01_NW01_PRESS_2,1677.0,493999.7412,0.0,492322.7412,39
mvp_3plant,2027-Q3,NW01,P01_NW01_PRESS_3,1677.0,359014.9188,429.5890973118279,357767.5078973118,39
mvp_3plant,2027-Q3,NW01,P01_NW01_PRESS_4,1677.0,448332.3918,45.51760483870967,446700.9094048387,39
mvp_3plant,2027-Q3,NW01,P01_NW01_PRESS_5,3354.0,360855.5838,5.43991935483871,357507.0237193548,39
mvp_3plant,2027-Q3,NW01,P01_NW01_PRESS_6,3354.0,434583.0474,699.6483632258064,431928.6957632258,39
mvp_3plant,2027-Q3,NW02,P01_NW02_ASSY_1,1020.24,332743.1388,0.0,331722.8988,39
mvp_3plant,2027-Q3,NW02,P01_NW02_EXTRUSION_1,1020.24,236738.43540000002,490.4837709677419,236208.67917096775,39
mvp_3plant,2027-Q3,NW02,P01_NW02_GRINDING_1,1020.24,189854.63460000002,118.07743010752687,188952.47203010754,39
mvp_3plant,2027-Q3,NW02,P01_NW02_LATHE_1,1020.24,259185.786,409.4500987096774,258574.99609870967,39
mvp_3plant,2027-Q3,NW02,P01_NW02_PRESS_1,1084.2,208613.38199999998,0.0,207529.18199999997,39
mvp_3plant,2027-Q3,NW02,P01_NW02_PRESS_2,1084.2,330443.8698,801.189816532258,330160.8596165323,39
mvp_3plant,2027-Q3,NW02,P01_NW02_PRESS_3,1084.2,159719.00340000002,1064.6610941666668,159699.46449416666,39
mvp_3plant,2027-Q3,NW02,P01_NW02_PRESS_4,1084.2,206993.478,0.0,205909.278,39
mvp_3plant,2027-Q3,NW02,P01_NW02_PRESS_5,3447.6000000000004,333116.151,29.982655645161287,329698.53365564515,39
mvp_3plant,2027-Q3,NW02,P01_NW02_PRESS_6,3447.6000000000004,554943.3528,1292.6577056451613,552788.4105056452,39
mvp_3plant,2027-Q3,NW05,P01_NW05_ASSY_1,1064.7,277781.739,11.148594677419355,276728.18759467744,39
mvp_3plant,2027-Q3,NW05,P01_NW05_EXTRUSION_1,1064.7,201237.9636,1549.4917213978495,201722.75532139785,39
mvp_3plant,2027-Q3,NW05,P01_NW05_GRINDING_1,1064.7,220518.9816,3.6333070967741934,219457.91490709677,39
mvp_3plant,2027-Q3,NW05,P01_NW05_OVEN_1,1064.7,164261.2518,926.7885858333333,164123.34038583332,39
mvp_3plant,2027-Q3,NW05,P01_NW05_PRESS_1,1131.0,351536.6934,19.017002258064515,350424.7104022581,39
mvp_3plant,2027-Q3,NW05,P01_NW05_PRESS_2,1131.0,297177.9834,0.0,296046.9834,39
mvp_3plant,2027-Q3,NW05,P01_NW05_PRESS_3,1131.0,277781.6898,0.0,276650.6898,39
mvp_3plant,2027-Q3,NW05,P01_NW05_PRESS_4,1131.0,176662.5498,0.0,175531.5498,39
mvp_3plant,2027-Q3,NW05,P01_NW05_PRESS_5,3588.0,368408.6952,0.0,364820.69519999996,39
mvp_3plant,2027-Q3,NW05,P01_NW05_PRESS_6,3588.0,256754.6358,0.0,253166.6358,39
mvp_3plant,2027-Q4,NW01,P01_NW01_ASSY_1,1583.4,396672.6708,273.18014650537634,395362.45094650536,39
mvp_3plant,2027-Q4,NW01,P01_NW01_EXTRUSION_1,1583.4,305732.2032,0.0,304148.80319999997,39
mvp_3plant,2027-Q4,NW01,P01_NW01_GRINDING_1,1583.4,608547.993,328.0710677419355,607292.664067742,39
mvp_3plant,2027-Q4,NW01,P01_NW01_PRESS_1,1677.0,572109.8952,1.0024451612903227,570433.8976451613,39
mvp_3plant,2027-Q4,NW01,P01_NW01_PRESS_2,1677.0,487103.5734,2.455709677419354,485429.0291096774,39
mvp_3plant,2027-Q4,NW01,P01_NW01_PRESS_3,1677.0,340960.5642,41.95961827956988,339325.52381827956,39
mvp_3plant,2027-Q4,NW01,P01_NW01_PRESS_4,1677.0,449034.8034,4.594629032258065,447362.3980290323,39
mvp_3plant,2027-Q4,NW01,P01_NW01_PRESS_5,3354.0,371051.331,31.20344247311828,367728.53444247314,39
mvp_3plant,2027-Q4,NW01,P01_NW01_PRESS_6,3354.0,426868.833,937.5693758064516,424452.4023758065,39
mvp_3plant,2027-Q4,NW02,P01_NW02_ASSY_1,1020.24,342403.7376,9.532069892473118,341393.02966989245,39
mvp_3plant,2027-Q4,NW02,P01_NW02_EXTRUSION_1,1020.24,250222.4346,1639.36872672043,250841.56332672044,39
mvp_3plant,2027-Q4,NW02,P01_NW02_GRINDING_1,1020.24,181248.1848,6.008732258064516,180233.95353225808,39
mvp_3plant,2027-Q4,NW02,P01_NW02_LATHE_1,1020.24,268412.3286,1919.5678971236557,269311.65649712365,39
mvp_3plant,2027-Q4,NW02,P01_NW02_PRESS_1,1084.2,213005.2098,0.0,211921.0098,39
mvp_3plant,2027-Q4,NW02,P01_NW02_PRESS_2,1084.2,344036.2896,415.559580376344,343367.6491803764,39
mvp_3plant,2027-Q4,NW02,P01_NW02_PRESS_3,1084.2,152582.9268,400.7489594086021,151899.47575940858,39
mvp_3plant,2027-Q4,NW02,P01_NW02_PRESS_4,1084.2,200212.77,0.0,199128.57,39
mvp_3plant,2027-Q4,NW02,P01_NW02_PRESS_5,3447.6000000000004,340354.6812,1380.296842607527,338287.37804260757,39
mvp_3plant,2027-Q4,NW02,P01_NW02_PRESS_6,3447.6000000000004,567936.561,424.98868225806456,564913.9496822581,39
mvp_3plant,2027-Q4,NW05,P01_NW05_ASSY_1,1064.7,283347.0546,3.579280215053764,282285.93388021505,39
mvp_3plant,2027-Q4,NW05,P01_NW05_EXTRUSION_1,1064.7,197269.3266,1010.8287697043011,197215.4553697043,39
mvp_3plant,2027-Q4,NW05,P01_NW05_GRINDING_1,1064.7,214162.9278,147.05484956989247,213245.28264956988,39
mvp_3plant,2027-Q4,NW05,P01_NW05_OVEN_1,1064.7,158982.9894,362.94720903225806,158281.23660903226,39
mvp_3plant,2027-Q4,NW05,P01_NW05_PRESS_1,1131.0,358267.3152,699.0432160752688,357835.3584160753,39
mvp_3plant,2027-Q4,NW05,P01_NW05_PRESS_2,1131.0,310801.6824,0.0,309670.6824,39
mvp_3plant,2027-Q4,NW05,P01_NW05_PRESS_3,1131.0,283444.3734,0.0,282313.3734,39
mvp_3plant,2027-Q4,NW05,P01_NW05_PRESS_4,1131.0,172720.8108,0.0,171589.8108,39
mvp_3plant,2027-Q4,NW05,P01_NW05_PRESS_5,3588.0,366270.1668,0.478239247311828,362682.6450392473,39
mvp_3plant,2027-Q4,NW05,P01_NW05_PRESS_6,3588.0,274878.9522,98.54046021505377,271389.49266021507,39
mvp_3plant,2028-Q1,NW01,P01_NW01_ASSY_1,1583.4,403381.1424,145.3012030107527,401943.0436030107,39
mvp_3plant,2028-Q1,NW01,P01_NW01_EXTRUSION_1,1583.4,316687.1268,0.0,315103.7268,39
mvp_3plant,2028-Q1,NW01,P01_NW01_GRINDING_1,1583.4,618055.3272,241.73169677419355,616713.6588967742,39
mvp_3plant,2028-Q1,NW01,P01_NW01_PRESS_1,1677.0,563376.9426,180.26589166666668,561880.2084916667,39
mvp_3plant,2028-Q1,NW01,P01_NW01_PRESS_2,1677.0,492957.3348,0.0,491280.3348,39
mvp_3plant,2028-Q1,NW01,P01_NW01_PRESS_3,1677.0,346632.4896,0.0,344955.4896,39
mvp_3plant,2028-Q1,NW01,P01_NW01_PRESS_4,1677.0,435070.7148,24.486182222222222,433418.2009822222,39
mvp_3plant,2028-Q1,NW01,P01_NW01_PRESS_5,3354.0,359468.6244,1505.1155567222222,357619.73995672225,39
mvp_3plant,2028-Q1,NW01,P01_NW01_PRESS_6,3354.0,421040.0328,1909.2090379354838,419595.24183793546,39
mvp_3plant,2028-Q1,NW02,P01_NW02_ASSY_1,1020.24,312903.1656,0.0,311882.9256,39
mvp_3plant,2028-Q1,NW02,P01_NW02_EXTRUSION_1,1020.24,250772.3058,2940.702110702509,252692.7679107025,39
mvp_3plant,2028-Q1,NW02,P01_NW02_GRINDING_1,1020.24,189902.0862,9.080270222222222,188890.9264702222,39
mvp_3plant,2028-Q1,NW02,P01_NW02_LATHE_1,1020.24,268244.9562,1508.5792355681003,268733.2954355681,39
mvp_3plant,2028-Q1,NW02,P01_NW02_PRESS_1,1084.2,211128.8124,0.0,210044.61239999998,39
mvp_3plant,2028-Q1,NW02,P01_NW02_PRESS_2,1084.2,340947.108,49.487798387096774,339912.3957983871,39
mvp_3plant,2028-Q1,NW02,P01_NW02_PRESS_3,1084.2,154618.4946,80.15355510752687,153614.44815510753,39
mvp_3plant,2028-Q1,NW02,P01_NW02_PRESS_4,1084.2,206787.8238,0.0,205703.6238,39
mvp_3plant,2028-Q1,NW02,P01_NW02_PRESS_5,3447.6000000000004,342050.1426,1819.3563616397848,340421.8989616398,39
mvp_3plant,2028-Q1,NW02,P01_NW02_PRESS_6,3447.6000000000004,557383.1532,194.40030026881723,554129.9535002689,39
mvp_3plant,2028-Q1,NW05,P01_NW05_ASSY_1,1064.7,285827.2524,0.0,284762.5524,39
mvp_3plant,2028-Q1,NW05,P01_NW05_EXTRUSION_1,1064.7,198867.62159999998,350.9963113082437,198153.91791130824,39
mvp_3plant,2028-Q1,NW05,P01_NW05_GRINDING_1,1064.7,207058.596,357.66536749462364,206351.5613674946,39
mvp_3plant,2028-Q1,NW05,P01_NW05_OVEN_1,1064.7,160087.9002,33.702396774193545,159056.9025967742,39
mvp_3plant,2028-Q1,NW05,P01_NW05_PRESS_1,1131.0,345756.3372,946.7311701182797,345572.0683701183,39
mvp_3plant,2028-Q1,NW05,P01_NW05_PRESS_2,1131.0,303013.5516,0.0,301882.5516,39
mvp_3plant,2028-Q1,NW05,P01_NW05_PRESS_3,1131.0,286751.1846,0.0,285620.1846,39
mvp_3plant,2028-Q1,NW05,P01_NW05_PRESS_4,1131.0,175167.2058,0.0,174036.2058,39
mvp_3plant,2028-Q1,NW05,P01_NW05_PRESS_5,3588.0,387131.8422,15.425873333333334,383559.26807333337,39
mvp_3plant,2028-Q1,NW05,P01_NW05_PRESS_6,3588.0,266790.1902,620.860959139785,263823.0511591398,39
mvp_3plant,2028-Q2,NW01,P01_NW01_ASSY_1,1583.4,405050.8968,29.37823333333333,403496.8750333333,39
mvp_3plant,2028-Q2,NW01,P01_NW01_EXTRUSION_1,1583.4,322846.18200000003,0.0,321262.782,39
mvp_3plant,2028-Q2,NW01,P01_NW01_GRINDING_1,1583.4,617662.989,48.97685,616128.56585,39
mvp_3plant,2028-Q2,NW01,P01_NW01_PRESS_1,1677.0,584487.9126,419.89439354838714,583230.8069935484,39
mvp_3plant,2028-Q2,NW01,P01_NW01_PRESS_2,1677.0,495867.0846,0.0,494190.0846,39
mvp_3plant,2028-Q2,NW01,P01_NW01_PRESS_3,1677.0,347069.9106,291.85888150537636,345684.7694815054,39
mvp_3plant,2028-Q2,NW01,P01_NW01_PRESS_4,1677.0,446047.2108,1133.9072177777778,445504.11801777774,39
mvp_3plant,2028-Q2,NW01,P01_NW01_PRESS_5,3354.0,376767.6402,3057.894619998208,376471.5348199982,39
mvp_3plant,2028-Q2,NW01,P01_NW01_PRESS_6,3354.0,418003.26540000003,1122.7496104516129,415772.0150104516,39
mvp_3plant,2028-Q2,NW02,P01_NW02_ASSY_1,1020.24,338561.6796,0.0,337541.4396,39
mvp_3plant,2028-Q2,NW02,P01_NW02_EXTRUSION_1,1020.24,251021.2332,1916.1742572544804,251917.1674572545,39
mvp_3plant,2028-Q2,NW02,P01_NW02_GRINDING_1,1020.24,184897.9578,467.8331240788531,184345.55092407885,39
mvp_3plant,2028-Q2,NW02,P01_NW02_LATHE_1,1020.24,270469.7844,287.47946738888885,269737.0238673889,39
mvp_3plant,2028-Q2,NW02,P01_NW02_PRESS_1,1084.2,217330.9848,0.0,216246.7848,39
mvp_3plant,2028-Q2,NW02,P01_NW02_PRESS_2,1084.2,350979.7266,0.0,349895.5266,39
mvp_3plant,2028-Q2,NW02,P01_NW02_PRESS_3,1084.2,159506.3538,0.0,158422.1538,39
mvp_3plant,2028-Q2,NW02,P01_NW02_PRESS_4,1084.2,204740.7792,0.0,203656.57919999998,39
mvp_3plant,2028-Q2,NW02,P01_NW02_PRESS_5,3447.6000000000004,327150.0048,837.6150475,324540.0198475,39
mvp_3plant,2028-Q2,NW02,P01_NW02_PRESS_6,3447.6000000000004,519960.7056,617.523417795699,517130.6290177957,39
mvp_3plant,2028-Q2,NW05,P01_NW05_ASSY_1,1064.7,287505.0966,0.0,286440.3966,39
mvp_3plant,2028-Q2,NW05,P01_NW05_EXTRUSION_1,1064.7,209028.3534,36.275127777777776,207999.92852777778,39
mvp_3plant,2028-Q2,NW05,P01_NW05_GRINDING_1,1064.7,215068.779,833.6740746021505,214837.75307460214,39
mvp_3plant,2028-Q2,NW05,P01_NW05_OVEN_1,1064.7,158110.6884,0.0,157045.9884,39
mvp_3plant,2028-Q2,NW05,P01_NW05_PRESS_1,1131.0,346669.6608,312.7158796666667,345851.3766796667,39
mvp_3plant,2028-Q2,NW05,P01_NW05_PRESS_2,1131.0,290186.8176,0.0,289055.8176,39
mvp_3plant,2028-Q2,NW05,P01_NW05_PRESS_3,1131.0,279751.6548,71.85065279569892,278692.5054527957,39
mvp_3plant,2028-Q2,NW05,P01_NW05_PRESS_4,1131.0,178076.94,0.0,176945.94,39
mvp_3plant,2028-Q2,NW05,P01_NW05_PRESS_5,3588.0,385354.7556,1305.6710038709675,383072.42660387093,39
mvp_3plant,2028-Q2,NW05,P01_NW05_PRESS_6,3588.0,265404.1224,499.01418978494627,262315.13658978493,39
mvp_3plant,2028-Q3,NW01,P01_NW01_ASSY_1,1583.4,383854.137,0.0,382270.73699999996,39
mvp_3plant,2028-Q3,NW01,P01_NW01_EXTRUSION_1,1583.4,320287.5654,0.0,318704.1654,39
mvp_3plant,2028-Q3,NW01,P01_NW01_GRINDING_1,1583.4,612683.6892,0.0,611100.2892,39
mvp_3plant,2028-Q3,NW01,P01_NW01_PRESS_1,1677.0,592892.1558000001,238.50494516129035,591453.6607451612,39
mvp_3plant,2028-Q3,NW01,P01_NW01_PRESS_2,1677.0,506718.261,0.0,505041.261,39
mvp_3plant,2028-Q3,NW01,P01_NW01_PRESS_3,1677.0,350573.4618,523.9366053225807,349420.3984053226,39
mvp_3plant,2028-Q3,NW01,P01_NW01_PRESS_4,1677.0,446918.1192,1507.4771268817203,446748.5963268817,39
mvp_3plant,2028-Q3,NW01,P01_NW01_PRESS_5,3354.0,354279.0906,1840.7998351344086,352765.8904351344,39
mvp_3plant,2028-Q3,NW01,P01_NW01_PRESS_6,3354.0,416016.7482,224.6638935483871,412887.4120935484,39
mvp_3plant,2028-Q3,NW02,P01_NW02_ASSY_1,1020.24,326952.4974,0.0,325932.2574,39
mvp_3plant,2028-Q3,NW02,P01_NW02_EXTRUSION_1,1020.24,249104.8092,467.00745526881724,248551.57665526881,39
mvp_3plant,2028-Q3,NW02,P01_NW02_GRINDING_1,1020.24,184353.2376,710.5895050537634,184043.58710505377,39
mvp_3plant,2028-Q3,NW02,P01_NW02_LATHE_1,1020.24,273497.727,0.0,272477.487,39
mvp_3plant,2028-Q3,NW02,P01_NW02_PRESS_1,1084.2,217611.5496,0.0,216527.3496,39
mvp_3plant,2028-Q3,NW02,P01_NW02_PRESS_2,1084.2,331371.0342,0.0,330286.8342,39
mvp_3plant,2028-Q3,NW02,P01_NW02_PRESS_3,1084.2,159087.4956,0.0,158003.29559999998,39
mvp_3plant,2028-Q3,NW02,P01_NW02_PRESS_4,1084.2,198763.51440000001,0.0,197679.3144,39
mvp_3plant,2028-Q3,NW02,P01_NW02_PRESS_5,3447.6000000000004,340769.88300000003,0.0,337322.283,39
mvp_3plant,2028-Q3,NW02,P01_NW02_PRESS_6,3447.6000000000004,560392.5702,1246.9499606451614,558191.9201606452,39
mvp_3plant,2028-Q3,NW05,P01_NW05_ASSY_1,1064.7,285353.1786,0.0,284288.4786,39
mvp_3plant,2028-Q3,NW05,P01_NW05_EXTRUSION_1,1064.7,201545.2182,0.0,200480.5182,39
mvp_3plant,2028-Q3,NW05,P01_NW05_GRINDING_1,1064.7,208624.9842,493.1475674731182,208053.4317674731,39
mvp_3plant,2028-Q3,NW05,P01_NW05_OVEN_1,1064.7,158018.7942,0.0,156954.0942,39
mvp_3plant,2028-Q3,NW05,P01_NW05_PRESS_1,1131.0,358696.0914,0.0,357565.0914,39
mvp_3plant,2028-Q3,NW05,P01_NW05_PRESS_2,1131.0,302035.8006,0.0,300904.8006,39
mvp_3plant,2028-Q3,NW05,P01_NW05_PRESS_3,1131.0,289989.309,145.5987712903226,289003.90777129034,39
mvp_3plant,2028-Q3,NW05,P01_NW05_PRESS_4,1131.0,173862.6036,0.0,172731.6036,39
mvp_3plant,2028-Q3,NW05,P01_NW05_PRESS_5,3588.0,394213.39379999996,1432.293702311828,392057.68750231183,39
mvp_3plant,2028-Q3,NW05,P01_NW05_PRESS_6,3588.0,275185.8882,95.63696438172043,271693.5251643817,39
mvp_3plant,2028-Q4,NW01,P01_NW01_ASSY_1,1583.4,377835.3354,0.0,376251.93539999996,39
mvp_3plant,2028-Q4,NW01,P01_NW01_EXTRUSION_1,1583.4,333735.6816,0.0,332152.2816,39
mvp_3plant,2028-Q4,NW01,P01_NW01_GRINDING_1,1583.4,614399.4654,0.0,612816.0654,39
mvp_3plant,2028-Q4,NW01,P01_NW01_PRESS_1,1677.0,578228.5764,49.87883629032258,576601.4552362903,39
mvp_3plant,2028-Q4,NW01,P01_NW01_PRESS_2,1677.0,499967.4084,0.0,498290.4084,39
mvp_3plant,2028-Q4,NW01,P01_NW01_PRESS_3,1677.0,356983.1904,336.60787150537635,355642.7982715054,39
mvp_3plant,2028-Q4,NW01,P01_NW01_PRESS_4,1677.0,433820.0844,618.6830064516129,432761.76740645163,39
mvp_3plant,2028-Q4,NW01,P01_NW01_PRESS_5,3354.0,352177.3458,202.78170564516125,349026.12750564516,39
mvp_3plant,2028-Q4,NW01,P01_NW01_PRESS_6,3354.0,415805.0034,0.0,412451.0034,39
mvp_3plant,2028-Q4,NW02,P01_NW02_ASSY_1,1020.24,323814.2226,0.0,322793.9826,39
mvp_3plant,2028-Q4,NW02,P01_NW02_EXTRUSION_1,1020.24,260123.2098,78.98762903225807,259181.95742903225,39
mvp_3plant,2028-Q4,NW02,P01_NW02_GRINDING_1,1020.24,180956.8452,260.1080273118279,180196.71322731185,39
mvp_3plant,2028-Q4,NW02,P01_NW02_LATHE_1,1020.24,275762.946,0.0,274742.706,39
mvp_3plant,2028-Q4,NW02,P01_NW02_PRESS_1,1084.2,220633.0062,0.0,219548.8062,39
mvp_3plant,2028-Q4,NW02,P01_NW02_PRESS_2,1084.2,327211.2594,0.0,326127.0594,39
mvp_3plant,2028-Q4,NW02,P01_NW02_PRESS_3,1084.2,155566.8666,0.0,154482.6666,39
mvp_3plant,2028-Q4,NW02,P01_NW02_PRESS_4,1084.2,200672.63760000002,0.0,199588.4376,39
mvp_3plant,2028-Q4,NW02,P01_NW02_PRESS_5,3447.6000000000004,356597.9046,0.0,353150.30460000003,39
mvp_3plant,2028-Q4,NW02,P01_NW02_PRESS_6,3447.6000000000004,544916.2644,688.3398282258065,542157.0042282258,39
mvp_3plant,2028-Q4,NW05,P01_NW05_ASSY_1,1064.7,296479.6434,0.0,295414.9434,39
mvp_3plant,2028-Q4,NW05,P01_NW05_EXTRUSION_1,1064.7,198870.0036,0.0,197805.3036,39
mvp_3plant,2028-Q4,NW05,P01_NW05_GRINDING_1,1064.7,214674.4962,142.14789475806452,213751.94409475804,39
mvp_3plant,2028-Q4,NW05,P01_NW05_OVEN_1,1064.7,169978.02,0.0,168913.32,39
mvp_3plant,2028-Q4,NW05,P01_NW05_PRESS_1,1131.0,334518.0006,0.0,333387.0006,39
mvp_3plant,2028-Q4,NW05,P01_NW05_PRESS_2,1131.0,307203.3882,0.0,306072.3882,39
mvp_3plant,2028-Q4,NW05,P01_NW05_PRESS_3,1131.0,289377.2298,91.06530258064517,288337.2951025806,39
mvp_3plant,2028-Q4,NW05,P01_NW05_PRESS_4,1131.0,178543.572,0.0,177412.572,39
mvp_3plant,2028-Q4,NW05,P01_NW05_PRESS_5,3588.0,364763.9604,582.3488721505375,361758.30927215057,39
mvp_3plant,2028-Q4,NW05,P01_NW05_PRESS_6,3588.0,277518.141,0.0,273930.141,39
